<?xml version="1.0" encoding="UTF-8"?>
<testmodule title="Auto-generated" version="">
    <testgroup title="">
        <conditions>
            <messages_known/>
            <error_frame_check max="0"/>

            <!-- begin generate block for node Light -->

            <dlc_ok dir="tx">
                <node name="Light"/>
            </dlc_ok>

            <value_valid>
                <cansignal name="FlashLight" msg="LightState">
                    <range><from>0</from><to>1</to></range>
                </cansignal>
            </value_valid>

            <!-- end generate block for node Light -->


            <!-- begin generate block for node Display -->

            <dlc_ok dir="tx">
                <node name="Display"/>
            </dlc_ok>


            <!-- end generate block for node Display -->


            <!-- begin generate block for node Engine -->

            <dlc_ok dir="tx">
                <node name="Engine"/>
            </dlc_ok>

            <value_valid>
                <cansignal name="AutoInc" msg="EngineState">
                    <range><from>0</from><to>1</to></range>
                </cansignal>
            </value_valid>
            <value_valid>
                <cansignal name="SteeringWheelAngle" msg="SteeringWheel">
                    <range><from>-900</from><to>900</to></range>
                </cansignal>
            </value_valid>
            <value_valid>
                <cansignal name="LDW" msg="SteeringWheel">
                    <range><from>0</from><to>1</to></range>
                </cansignal>
            </value_valid>
            <value_valid>
                <cansignal name="DiagEngineState" msg="DefectDiagnosis">
                    <range><from>0</from><to>1</to></range>
                </cansignal>
            </value_valid>
            <value_valid>
                <cansignal name="DiagBrakeState" msg="DefectDiagnosis">
                    <range><from>0</from><to>1</to></range>
                </cansignal>
            </value_valid>
            <value_valid>
                <cansignal name="DiagLightState" msg="DefectDiagnosis">
                    <range><from>0</from><to>1</to></range>
                </cansignal>
            </value_valid>
            <value_valid>
                <cansignal name="DiagAccState" msg="DefectDiagnosis">
                    <range><from>0</from><to>1</to></range>
                </cansignal>
            </value_valid>
            <value_valid>
                <cansignal name="DiagTireState" msg="DefectDiagnosis">
                    <range><from>0</from><to>1</to></range>
                </cansignal>
            </value_valid>

            <!-- end generate block for node Engine -->

        </conditions>
        <testcase ident="TC" title="Wait until end and supervise the conditions">
              <untilend title="Wait until end and supervise the conditions"/>
        </testcase>
    </testgroup>
</testmodule>
